date,path
202301,./2023/202301/20230201 - Payables FINAL.xlsm
202302,./2023/202302/20230302 - Payables FINAL.xlsm
202303,./2023/202303/20230329 - Payables FINAL.xlsm
202304,./2023/202304/20230428 - Payables FINAL.xlsm
202305,./2023/202305/20230531 - Payables FINAL.xlsm
202306,./2023/202306/20230629 - Payables FINAL.xlsm
202307,./2023/202307/202307 - Payables FINAL.xlsm
202308,./2023/202308/20230829 - Payables FINAL.xlsm
202309,./2023/202309/20230928 - Payables FINAL.xlsm
2023-10-31,./2023/202310/2023-10-31/2023-10-31 Payables.xlsm
2023-11-17,./2023/202311/2023-11-17/2023-11-17 Payables.xlsm
2023-11-30,./2023/202311/2023-11-30/2023-11-30 Payables.xlsm
2023-12-15,./2023/202312/2023-12-15/2023-12-15 Payables.xlsm
2023-12-30,./2023/202312/2023-12-30/2023-12-30 Payables.xlsm
2024-01-15,./2024/202401/2024-01-15/01-16-24 Payables.xlsm
2024-01-31,./2024/202401/2024-01-31/01-31-24 Payables.xlsm
2024-02-15,./2024/202402/2024-02-15/02-15-24 Payables.xlsm
2024-02-29,./2024/202402/2024-02-29/02-29-24 Payables.xlsm
2024-03-22,./2024/202403/2024-03-22/2024-03-22 Payables.xlsm
2024-03-28,./2024/202403/2024-03-28/2024-03-28 Payables.xlsm
2024-04-30,./2024/202404/2024-04-30/2024-04-30 Payables.xlsm
2024-04-17,./2024/202404/2024-04-17/2024-04-17 Payables.xlsm
2024-05-15,./2024/202405/2024-05-15/2024-05-15 Payables.xlsm
2024-05-31,./2024/202405/2024-05-31/2024-05-31 Payables.xlsm
2024-06-07,./2024/202406/2024-06-07/2024-06-07 Payables.xlsm
2024-06-15,./2024/202406/2024-06-15/2024-06-15 Payables.xlsm
2024-07-18,./2024/202407/2024-07-18/2024-07-18 Payables.xlsm
2024-07-31,./2024/202407/2024-07-31/2024-07-31 Payables.xlsm
2024-08-16,./2024/202408/2024-08-16/2024-08-16 Payables.xlsm
2024-08-30,./2024/202408/2024-08-30/2024-08-30 Payables.xlsm
2024-09-19,./2024/202409/2024-09-19/2024-09-19 Payables.xlsm
2024-09-30,./2024/202409/2024-09-30/2024-09-30 Payables.xlsm
2024-10-23,./2024/202410/2024-10-23/2024-10-23 Payables.xlsm
2024-10-31,./2024/202410/2024-10-31/2024-10-31 Payables.xlsm
2024-11-15,./2024/202411/2024-11-15/2024-11-15 Payables.xlsm
2024-11-30,./2024/202411/2024-11-30/2024-11-30 Payables.xlsm
2024-12-09,./2024/202412/2024-12-09/2024-12-09 Payables.xlsm
2024-12-13,./2024/202412/2024-12-13/2024-12-13 Payables.xlsm
2024-12-31,./2024/202412/2024-12-31/2024-12-31 Payables.xlsm
2025-01-17,./2025/202501/2025-01-17/2025-01-17 Payables.xlsm
